Diagnosis,US_Prevalence,US_95%_CI
Coarctation of the aorta,5.8,5.7-6.0
Common truncus,0.6,0.6-0.7
Double outlet right ventricle,2.4,2.3-2.4
Ebstein anomaly,0.8,0.7-0.8
Hypoplastic left heart syndrome,2.5,2.5-2.6
Pulmonary valve atresia and stenosis,10.3,10.1-10.4
Single ventricle,0.7,0.6-0.7
Tetralogy of Fallot,4.8,4.7-4.9
Total anomalous pulmonary venous connection,1.3,1.3-1.4
Transposition of the great arteries,3,2.9-3.1
Tricuspid valve atresia and stenosis,1.8,1.7-1.9
Anencephalus,1.9,1.8-2.0
Spina bifida without anencephalus,3.5,3.4-3.6
Encephalocele,1,0.9-1.0
Holoprosencephaly,,
Trisomy 13,1.4,1.4-1.5
Trisomy 18,3,2.9-3.1
Trisomy 21 (Down syndrome),15.6,15.4-16.7
Anophthalmia / microphthalmia,2,1.9-2.0
Clubfoot,18.6,18.5-18.8
Craniosynostosis,,
Diaphragmatic hernia,3.1,3.0-3.2
Gastroschisis,4.1,4.0-4.2
Limb deficiencies,4.8,4.7-4.9
Omphalocele,2.5,2.4-2.6
Rectal and large intestinal atresia/stenosis,4.5,4.4–4.6
Esophageal atresia/tracheoesophageal fistula,2.4,2.3–2.5
Cleft lip with cleft palate,6.3,6.2–6.4
Cleft lip alone,3.4,3.3-3.5
Cleft palate alone,6.3,6.2–6.4
