C codes,D Codes,E Codes,G Codes,H Codes,M Codes,P Codes,Q Codes
C965,D550,E000,G110,H3552,M21021,P000,Q000
C966,D551,E001,G111,H49819,M21022,P001,Q001
,D552,E002,G111,H900,M21029,P002,Q002
,D553,E009,G112,H9011,M21121,P003,Q010
,D558,E030,G113,H9012,M21122,P004,Q011
,D559,E031,G114,H902,M21129,P005,Q012
,D560,E039,G118,H902,M359,P006,Q018
,D561,E039,G119,H902,,P006,Q019
,D562,E250,G120,H902,,P007,Q02
,D563,E258,G121,H902,,P007,Q030
,D564,E259,G1220,H902,,P0081,Q031
,D565,E700,G1221,H902,,P0089,Q038
,D568,E701,G1221,H903,,P009,Q039
,D569,E7020,G1222,H903,,P040,Q040
,D5700,E7021,G1229,H903,,P041,Q041
,D5701,E7029,G1229,H9041,,P0412,Q042
,D5702,E7030,G128,H9042,,P0413,Q043
,D571,E70310,G128,H905,,P0414,Q044
,D571,E70311,G128,H905,,P0415,Q045
,D5720,E70318,G129,H905,,P0416,Q046
,D57211,E70319,G129,H905,,P0417,Q048
,D57212,E70320,G3183,H905,,P0418,Q049
,D57219,E70321,G3184,H905,,P0419,Q050
,D573,E70328,G3185,H906,,P042,Q051
,D5740,E70329,G3189,H9071,,P043,Q052
,D57411,E70330,G319,H9072,,P0440,Q053
,D57412,E70331,G3281,H908,,P0442,Q054
,D57419,E70338,G710,H908,,P0441,Q055
,D5780,E70339,G7111,H913,,P0449,Q056
,D57811,E7039,G7112,H918X1,,P0449,Q057
,D57812,E7040,G7113,H918X2,,P045,Q058
,D57819,E7041,G7114,H918X3,,P046,Q059
,D580,E7049,G7119,H918X9,,P048,Q060
,D581,E705,G712,H9190,,P0481,Q061
,D582,E708,G713,H9191,,P0489,Q062
,D588,E709,G718,H9192,,P049,Q063
,D589,E710,G719,H9193,,P293,Q064
,D6101,E71110,G722,,,P961,Q068
,D6109,E71111,G723,,,P962,Q069
,D800,E71118,G7241,,,,Q0700
,D801,E71120,G7249,,,,Q0701
,D802,E71121,G7281,,,,Q0702
,D803,E71128,G7289,,,,Q0703
,D804,E7119,G729,,,,Q078
,D805,E712,G737,,,,Q079
,D806,E7130,G737,,,,Q100
,D807,E71310,G800,,,,Q101
,D808,E71311,G801,,,,Q102
,D809,E71312,G802,,,,Q103
,D810,E71313,G802,,,,Q103
,D811,E71314,G803,,,,Q104
,D812,E71318,G804,,,,Q105
,D813,E7132,G808,,,,Q106
,D814,E7139,G808,,,,Q106
,D815,E7140,G809,,,,Q107
,D816,E7141,G901,,,,Q107
,D817,E7142,G910,,,,Q110
,D81810,E7143,G911,,,,Q111
,D81818,E71440,G912,,,,Q112
,D81819,E71448,G937,,,,Q112
,D8189,E7150,G94,,,,Q112
,D819,E71510,,,,,Q112
,D820,E71511,,,,,Q113
,D821,E71518,,,,,Q120
,D822,E71520,,,,,Q120
,D823,E71521,,,,,Q120
,D824,E71522,,,,,Q120
,D828,E71528,,,,,Q120
,D829,E71529,,,,,Q121
,D830,E7153,,,,,Q122
,D831,E71540,,,,,Q123
,D832,E71541,,,,,Q124
,D838,E71542,,,,,Q128
,D839,E71548,,,,,Q129
,D840,E7200,,,,,Q130
,D841,E7201,,,,,Q131
,D848,E7202,,,,,Q132
,D849,E7203,,,,,Q133
,D890,E7204,,,,,Q133
,D891,E7209,,,,,Q134
,D892,E7210,,,,,Q135
,D893,E7211,,,,,Q1381
,D89810,E7212,,,,,Q1389
,D89811,E7219,,,,,Q1389
,D89812,E7220,,,,,Q1389
,D89813,E7221,,,,,Q1389
,D8982,E7222,,,,,Q139
,D8989,E7223,,,,,Q140
,D8989,E7229,,,,,Q141
,D899,E723,,,,,Q141
,,E724,,,,,Q142
,,E7250,,,,,Q143
,,E7251,,,,,Q148
,,E7252,,,,,Q148
,,E7253,,,,,Q148
,,E7259,,,,,Q148
,,E728,,,,,Q149
,,E728,,,,,Q150
,,E729,,,,,Q150
,,E7400,,,,,Q150
,,E7401,,,,,Q158
,,E7402,,,,,Q159
,,E7403,,,,,Q160
,,E7404,,,,,Q161
,,E7409,,,,,Q162
,,E7420,,,,,Q163
,,E7421,,,,,Q164
,,E7429,,,,,Q165
,,E744,,,,,Q169
,,E7601,,,,,Q169
,,E7602,,,,,Q170
,,E7603,,,,,Q171
,,E761,,,,,Q172
,,E76210,,,,,Q173
,,E76211,,,,,Q174
,,E76219,,,,,Q175
,,E7622,,,,,Q178
,,E7629,,,,,Q178
,,E763,,,,,Q179
,,E768,,,,,Q180
,,E769,,,,,Q180
,,E7871,,,,,Q181
,,E7872,,,,,Q181
,,E791,,,,,Q182
,,E792,,,,,Q182
,,E798,,,,,Q183
,,E799,,,,,Q184
,,E800,,,,,Q185
,,E801,,,,,Q186
,,E8020,,,,,Q187
,,E8021,,,,,Q188
,,E8029,,,,,Q189
,,E803,,,,,Q200
,,E804,,,,,Q200
,,E805,,,,,Q201
,,E806,,,,,Q202
,,E807,,,,,Q203
,,E840,,,,,Q203
,,E8411,,,,,Q204
,,E8419,,,,,Q205
,,E848,,,,,Q206
,,E849,,,,,Q206
,,E850,,,,,Q208
,,E851,,,,,Q208
,,E852,,,,,Q209
,,E853,,,,,Q210
,,E854,,,,,Q211
,,E858,,,,,Q212
,,E859,,,,,Q212
,,E883,,,,,Q212
,,E8840,,,,,Q213
,,E8841,,,,,Q214
,,E8842,,,,,Q218
,,E8849,,,,,Q219
,,E8881,,,,,Q220
,,E8889,,,,,Q221
,,E889,,,,,Q222
,,,,,,,Q223
,,,,,,,Q223
,,,,,,,Q224
,,,,,,,Q225
,,,,,,,Q226
,,,,,,,Q228
,,,,,,,Q229
,,,,,,,Q230
,,,,,,,Q231
,,,,,,,Q232
,,,,,,,Q233
,,,,,,,Q234
,,,,,,,Q238
,,,,,,,Q239
,,,,,,,Q240
,,,,,,,Q241
,,,,,,,Q242
,,,,,,,Q243
,,,,,,,Q244
,,,,,,,Q245
,,,,,,,Q246
,,,,,,,Q248
,,,,,,,Q248
,,,,,,,Q248
,,,,,,,Q249
,,,,,,,Q2546
,,,,,,,Q250
,,,,,,,Q250
,,,,,,,Q251
,,,,,,,Q252
,,,,,,,Q252
,,,,,,,Q2521
,,,,,,,Q2529
,,,,,,,Q253
,,,,,,,Q254
,,,,,,,Q254
,,,,,,,Q2540
,,,,,,,Q2543
,,,,,,,Q2544
,,,,,,,Q2546
,,,,,,,Q2545
,,,,,,,Q2547
,,,,,,,Q2548
,,,,,,,Q2549
,,,,,,,Q255
,,,,,,,Q256
,,,,,,,Q2571
,,,,,,,Q2572
,,,,,,,Q2579
,,,,,,,Q2579
,,,,,,,Q258
,,,,,,,Q259
,,,,,,,Q260
,,,,,,,Q261
,,,,,,,Q262
,,,,,,,Q263
,,,,,,,Q264
,,,,,,,Q265
,,,,,,,Q266
,,,,,,,Q268
,,,,,,,Q269
,,,,,,,Q270
,,,,,,,Q271
,,,,,,,Q272
,,,,,,,Q2730
,,,,,,,Q2731
,,,,,,,Q2732
,,,,,,,Q2733
,,,,,,,Q2734
,,,,,,,Q2739
,,,,,,,Q274
,,,,,,,Q278
,,,,,,,Q278
,,,,,,,Q279
,,,,,,,Q279
,,,,,,,Q280
,,,,,,,Q281
,,,,,,,Q282
,,,,,,,Q283
,,,,,,,Q288
,,,,,,,Q289
,,,,,,,Q300
,,,,,,,Q300
,,,,,,,Q301
,,,,,,,Q302
,,,,,,,Q303
,,,,,,,Q308
,,,,,,,Q309
,,,,,,,Q310
,,,,,,,Q311
,,,,,,,Q312
,,,,,,,Q313
,,,,,,,Q315
,,,,,,,Q318
,,,,,,,Q319
,,,,,,,Q320
,,,,,,,Q321
,,,,,,,Q322
,,,,,,,Q323
,,,,,,,Q324
,,,,,,,Q330
,,,,,,,Q331
,,,,,,,Q332
,,,,,,,Q333
,,,,,,,Q334
,,,,,,,Q335
,,,,,,,Q336
,,,,,,,Q338
,,,,,,,Q339
,,,,,,,Q340
,,,,,,,Q341
,,,,,,,Q348
,,,,,,,Q349
,,,,,,,Q351
,,,,,,,Q353
,,,,,,,Q355
,,,,,,,Q355
,,,,,,,Q357
,,,,,,,Q359
,,,,,,,Q359
,,,,,,,Q359
,,,,,,,Q360
,,,,,,,Q360
,,,,,,,Q361
,,,,,,,Q369
,,,,,,,Q369
,,,,,,,Q369
,,,,,,,Q370
,,,,,,,Q371
,,,,,,,Q372
,,,,,,,Q373
,,,,,,,Q374
,,,,,,,Q375
,,,,,,,Q378
,,,,,,,Q379
,,,,,,,Q379
,,,,,,,Q379
,,,,,,,Q380
,,,,,,,Q381
,,,,,,,Q381
,,,,,,,Q382
,,,,,,,Q383
,,,,,,,Q383
,,,,,,,Q383
,,,,,,,Q383
,,,,,,,Q383
,,,,,,,Q383
,,,,,,,Q384
,,,,,,,Q384
,,,,,,,Q384
,,,,,,,Q384
,,,,,,,Q385
,,,,,,,Q386
,,,,,,,Q387
,,,,,,,Q388
,,,,,,,Q390
,,,,,,,Q391
,,,,,,,Q392
,,,,,,,Q393
,,,,,,,Q394
,,,,,,,Q395
,,,,,,,Q396
,,,,,,,Q398
,,,,,,,Q399
,,,,,,,Q400
,,,,,,,Q401
,,,,,,,Q402
,,,,,,,Q403
,,,,,,,Q408
,,,,,,,Q409
,,,,,,,Q410
,,,,,,,Q411
,,,,,,,Q412
,,,,,,,Q418
,,,,,,,Q419
,,,,,,,Q420
,,,,,,,Q421
,,,,,,,Q422
,,,,,,,Q423
,,,,,,,Q428
,,,,,,,Q429
,,,,,,,Q430
,,,,,,,Q431
,,,,,,,Q432
,,,,,,,Q433
,,,,,,,Q434
,,,,,,,Q435
,,,,,,,Q436
,,,,,,,Q437
,,,,,,,Q438
,,,,,,,Q438
,,,,,,,Q439
,,,,,,,Q440
,,,,,,,Q441
,,,,,,,Q441
,,,,,,,Q442
,,,,,,,Q443
,,,,,,,Q444
,,,,,,,Q445
,,,,,,,Q446
,,,,,,,Q447
,,,,,,,Q450
,,,,,,,Q451
,,,,,,,Q452
,,,,,,,Q453
,,,,,,,Q458
,,,,,,,Q459
,,,,,,,Q5001
,,,,,,,Q5002
,,,,,,,Q501
,,,,,,,Q502
,,,,,,,Q5031
,,,,,,,Q5032
,,,,,,,Q5039
,,,,,,,Q504
,,,,,,,Q505
,,,,,,,Q506
,,,,,,,Q506
,,,,,,,Q510
,,,,,,,Q5110
,,,,,,,Q5111
,,,,,,,Q512
,,,,,,,Q512
,,,,,,,Q513
,,,,,,,Q514
,,,,,,,Q515
,,,,,,,Q516
,,,,,,,Q517
,,,,,,,Q51810
,,,,,,,Q51811
,,,,,,,Q51818
,,,,,,,Q51820
,,,,,,,Q51821
,,,,,,,Q51828
,,,,,,,Q519
,,,,,,,Q520
,,,,,,,Q5210
,,,,,,,Q5211
,,,,,,,Q52120
,,,,,,,Q52121
,,,,,,,Q52122
,,,,,,,Q52123
,,,,,,,Q52124
,,,,,,,Q52129
,,,,,,,Q522
,,,,,,,Q523
,,,,,,,Q524
,,,,,,,Q525
,,,,,,,Q526
,,,,,,,Q5270
,,,,,,,Q5271
,,,,,,,Q5279
,,,,,,,Q528
,,,,,,,Q529
,,,,,,,Q5300
,,,,,,,Q5301
,,,,,,,Q5302
,,,,,,,Q5310
,,,,,,,Q5311
,,,,,,,Q53111
,,,,,,,Q53112
,,,,,,,Q5312
,,,,,,,Q5313
,,,,,,,Q5320
,,,,,,,Q5321
,,,,,,,Q53211
,,,,,,,Q53212
,,,,,,,Q5322
,,,,,,,Q5323
,,,,,,,Q539
,,,,,,,Q540
,,,,,,,Q541
,,,,,,,Q542
,,,,,,,Q543
,,,,,,,Q544
,,,,,,,Q548
,,,,,,,Q549
,,,,,,,Q550
,,,,,,,Q551
,,,,,,,Q5520
,,,,,,,Q5521
,,,,,,,Q5522
,,,,,,,Q5523
,,,,,,,Q5529
,,,,,,,Q553
,,,,,,,Q554
,,,,,,,Q555
,,,,,,,Q5561
,,,,,,,Q5562
,,,,,,,Q5563
,,,,,,,Q5564
,,,,,,,Q5569
,,,,,,,Q557
,,,,,,,Q558
,,,,,,,Q559
,,,,,,,Q560
,,,,,,,Q561
,,,,,,,Q562
,,,,,,,Q563
,,,,,,,Q564
,,,,,,,Q600
,,,,,,,Q601
,,,,,,,Q602
,,,,,,,Q603
,,,,,,,Q604
,,,,,,,Q605
,,,,,,,Q606
,,,,,,,Q6100
,,,,,,,Q6101
,,,,,,,Q6102
,,,,,,,Q6111
,,,,,,,Q6119
,,,,,,,Q612
,,,,,,,Q613
,,,,,,,Q614
,,,,,,,Q615
,,,,,,,Q615
,,,,,,,Q618
,,,,,,,Q619
,,,,,,,Q620
,,,,,,,Q6210
,,,,,,,Q6211
,,,,,,,Q6212
,,,,,,,Q622
,,,,,,,Q6231
,,,,,,,Q6232
,,,,,,,Q6239
,,,,,,,Q6239
,,,,,,,Q624
,,,,,,,Q625
,,,,,,,Q6260
,,,,,,,Q6261
,,,,,,,Q6262
,,,,,,,Q6263
,,,,,,,Q6269
,,,,,,,Q627
,,,,,,,Q628
,,,,,,,Q630
,,,,,,,Q631
,,,,,,,Q632
,,,,,,,Q633
,,,,,,,Q638
,,,,,,,Q639
,,,,,,,Q640
,,,,,,,Q6410
,,,,,,,Q6411
,,,,,,,Q6412
,,,,,,,Q6419
,,,,,,,Q642
,,,,,,,Q6431
,,,,,,,Q6432
,,,,,,,Q6433
,,,,,,,Q6439
,,,,,,,Q644
,,,,,,,Q645
,,,,,,,Q646
,,,,,,,Q6470
,,,,,,,Q6471
,,,,,,,Q6472
,,,,,,,Q6473
,,,,,,,Q6474
,,,,,,,Q6475
,,,,,,,Q6479
,,,,,,,Q648
,,,,,,,Q649
,,,,,,,Q6500
,,,,,,,Q6500
,,,,,,,Q6501
,,,,,,,Q6502
,,,,,,,Q651
,,,,,,,Q652
,,,,,,,Q6530
,,,,,,,Q6531
,,,,,,,Q6532
,,,,,,,Q654
,,,,,,,Q655
,,,,,,,Q656
,,,,,,,Q6581
,,,,,,,Q6582
,,,,,,,Q6589
,,,,,,,Q659
,,,,,,,Q660
,,,,,,,Q661
,,,,,,,Q662
,,,,,,,Q662
,,,,,,,Q6621
,,,,,,,Q6622
,,,,,,,Q663
,,,,,,,Q663
,,,,,,,Q664
,,,,,,,Q6650
,,,,,,,Q6651
,,,,,,,Q6652
,,,,,,,Q666
,,,,,,,Q666
,,,,,,,Q667
,,,,,,,Q6680
,,,,,,,Q6681
,,,,,,,Q6682
,,,,,,,Q6689
,,,,,,,Q6689
,,,,,,,Q6689
,,,,,,,Q6689
,,,,,,,Q669
,,,,,,,Q670
,,,,,,,Q671
,,,,,,,Q672
,,,,,,,Q673
,,,,,,,Q674
,,,,,,,Q675
,,,,,,,Q676
,,,,,,,Q677
,,,,,,,Q678
,,,,,,,Q680
,,,,,,,Q681
,,,,,,,Q682
,,,,,,,Q682
,,,,,,,Q683
,,,,,,,Q684
,,,,,,,Q685
,,,,,,,Q686
,,,,,,,Q688
,,,,,,,Q688
,,,,,,,Q690
,,,,,,,Q691
,,,,,,,Q692
,,,,,,,Q699
,,,,,,,Q7000
,,,,,,,Q7001
,,,,,,,Q7002
,,,,,,,Q7003
,,,,,,,Q7010
,,,,,,,Q7011
,,,,,,,Q7012
,,,,,,,Q7013
,,,,,,,Q7020
,,,,,,,Q7021
,,,,,,,Q7022
,,,,,,,Q7023
,,,,,,,Q7030
,,,,,,,Q7031
,,,,,,,Q7032
,,,,,,,Q7033
,,,,,,,Q704
,,,,,,,Q709
,,,,,,,Q7100
,,,,,,,Q7101
,,,,,,,Q7102
,,,,,,,Q7103
,,,,,,,Q7110
,,,,,,,Q7111
,,,,,,,Q7112
,,,,,,,Q7113
,,,,,,,Q7120
,,,,,,,Q7121
,,,,,,,Q7122
,,,,,,,Q7123
,,,,,,,Q7130
,,,,,,,Q7131
,,,,,,,Q7132
,,,,,,,Q7133
,,,,,,,Q7140
,,,,,,,Q7141
,,,,,,,Q7142
,,,,,,,Q7143
,,,,,,,Q7150
,,,,,,,Q7151
,,,,,,,Q7152
,,,,,,,Q7153
,,,,,,,Q7160
,,,,,,,Q7161
,,,,,,,Q7162
,,,,,,,Q7163
,,,,,,,Q71811
,,,,,,,Q71812
,,,,,,,Q71813
,,,,,,,Q71819
,,,,,,,Q71891
,,,,,,,Q71892
,,,,,,,Q71893
,,,,,,,Q71899
,,,,,,,Q71899
,,,,,,,Q71899
,,,,,,,Q71899
,,,,,,,Q71899
,,,,,,,Q71899
,,,,,,,Q7190
,,,,,,,Q7191
,,,,,,,Q7192
,,,,,,,Q7193
,,,,,,,Q7200
,,,,,,,Q7201
,,,,,,,Q7202
,,,,,,,Q7203
,,,,,,,Q7210 
,,,,,,,Q7211
,,,,,,,Q7212
,,,,,,,Q7213
,,,,,,,Q7220
,,,,,,,Q7221
,,,,,,,Q7222
,,,,,,,Q7223
,,,,,,,Q7230
,,,,,,,Q7231
,,,,,,,Q7232
,,,,,,,Q7233
,,,,,,,Q7240
,,,,,,,Q7241
,,,,,,,Q7242
,,,,,,,Q7243
,,,,,,,Q7250
,,,,,,,Q7251
,,,,,,,Q7252
,,,,,,,Q7253
,,,,,,,Q7260
,,,,,,,Q7261
,,,,,,,Q7262
,,,,,,,Q7263
,,,,,,,Q7270
,,,,,,,Q7271
,,,,,,,Q7272
,,,,,,,Q7273
,,,,,,,Q72811
,,,,,,,Q72812
,,,,,,,Q72813
,,,,,,,Q72819
,,,,,,,Q72891
,,,,,,,Q72892
,,,,,,,Q72893
,,,,,,,Q72899
,,,,,,,Q72899
,,,,,,,Q72899
,,,,,,,Q72899
,,,,,,,Q72899
,,,,,,,Q7290
,,,,,,,Q7291
,,,,,,,Q7292
,,,,,,,Q7293
,,,,,,,Q730
,,,,,,,Q731
,,,,,,,Q738
,,,,,,,Q740
,,,,,,,Q740
,,,,,,,Q740
,,,,,,,Q740
,,,,,,,Q740
,,,,,,,Q740
,,,,,,,Q740
,,,,,,,Q741
,,,,,,,Q742
,,,,,,,Q742
,,,,,,,Q742
,,,,,,,Q742
,,,,,,,Q743
,,,,,,,Q748
,,,,,,,Q749
,,,,,,,Q750
,,,,,,,Q751
,,,,,,,Q752
,,,,,,,Q753
,,,,,,,Q754
,,,,,,,Q755
,,,,,,,Q758
,,,,,,,Q759
,,,,,,,Q760
,,,,,,,Q761
,,,,,,,Q762
,,,,,,,Q762
,,,,,,,Q763
,,,,,,,Q76411
,,,,,,,Q76412
,,,,,,,Q76413
,,,,,,,Q76414
,,,,,,,Q76415
,,,,,,,Q76419
,,,,,,,Q76425
,,,,,,,Q76426
,,,,,,,Q76427
,,,,,,,Q76428
,,,,,,,Q76429
,,,,,,,Q7649
,,,,,,,Q7649
,,,,,,,Q7649
,,,,,,,Q7649
,,,,,,,Q7649
,,,,,,,Q7649
,,,,,,,Q765
,,,,,,,Q766
,,,,,,,Q767
,,,,,,,Q768
,,,,,,,Q769
,,,,,,,Q770
,,,,,,,Q771
,,,,,,,Q772
,,,,,,,Q773
,,,,,,,Q774
,,,,,,,Q775
,,,,,,,Q776
,,,,,,,Q777
,,,,,,,Q778
,,,,,,,Q779
,,,,,,,Q780
,,,,,,,Q781
,,,,,,,Q782
,,,,,,,Q783
,,,,,,,Q784
,,,,,,,Q785
,,,,,,,Q786
,,,,,,,Q788
,,,,,,,Q788
,,,,,,,Q788
,,,,,,,Q789
,,,,,,,Q790
,,,,,,,Q791
,,,,,,,Q792
,,,,,,,Q793
,,,,,,,Q794
,,,,,,,Q7951
,,,,,,,Q7959
,,,,,,,Q7959
,,,,,,,Q796
,,,,,,,Q798
,,,,,,,Q798
,,,,,,,Q798
,,,,,,,Q799
,,,,,,,Q800
,,,,,,,Q801
,,,,,,,Q802
,,,,,,,Q803
,,,,,,,Q804
,,,,,,,Q808
,,,,,,,Q809 
,,,,,,,Q810
,,,,,,,Q811
,,,,,,,Q812
,,,,,,,Q818
,,,,,,,Q819
,,,,,,,Q820
,,,,,,,Q821
,,,,,,,Q822
,,,,,,,Q823
,,,,,,,Q824
,,,,,,,Q825
,,,,,,,Q828
,,,,,,,Q828
,,,,,,,Q828
,,,,,,,Q829
,,,,,,,Q830
,,,,,,,Q831
,,,,,,,Q832
,,,,,,,Q833
,,,,,,,Q838
,,,,,,,Q839
,,,,,,,Q840
,,,,,,,Q841
,,,,,,,Q842
,,,,,,,Q843
,,,,,,,Q844
,,,,,,,Q845
,,,,,,,Q846
,,,,,,,Q848
,,,,,,,Q849
,,,,,,,Q8500
,,,,,,,Q8501
,,,,,,,Q8502
,,,,,,,Q8503
,,,,,,,Q8509
,,,,,,,Q851
,,,,,,,Q858
,,,,,,,Q859
,,,,,,,Q860
,,,,,,,Q861
,,,,,,,Q862
,,,,,,,Q868
,,,,,,,Q870
,,,,,,,Q871
,,,,,,,Q872
,,,,,,,Q873
,,,,,,,Q8740
,,,,,,,Q8741
,,,,,,,Q87410
,,,,,,,Q87418
,,,,,,,Q8742
,,,,,,,Q8743
,,,,,,,Q875
,,,,,,,Q8781
,,,,,,,Q8782
,,,,,,,Q8789
,,,,,,,Q8901
,,,,,,,Q8909
,,,,,,,Q891
,,,,,,,Q892
,,,,,,,Q893
,,,,,,,Q894
,,,,,,,Q897
,,,,,,,Q898
,,,,,,,Q899
,,,,,,,Q900
,,,,,,,Q901
,,,,,,,Q902
,,,,,,,Q909
,,,,,,,Q909
,,,,,,,Q910
,,,,,,,Q911
,,,,,,,Q912
,,,,,,,Q913
,,,,,,,Q914
,,,,,,,Q915
,,,,,,,Q916
,,,,,,,Q917
,,,,,,,Q920
,,,,,,,Q921
,,,,,,,Q922
,,,,,,,Q925
,,,,,,,Q9261
,,,,,,,Q9262
,,,,,,,Q927
,,,,,,,Q928
,,,,,,,Q929
,,,,,,,Q930
,,,,,,,Q931
,,,,,,,Q932
,,,,,,,Q933
,,,,,,,Q934
,,,,,,,Q935
,,,,,,,Q937
,,,,,,,Q9381
,,,,,,,Q9388
,,,,,,,Q9389
,,,,,,,Q939
,,,,,,,Q950
,,,,,,,Q951
,,,,,,,Q952
,,,,,,,
,,,,,,,Q953
,,,,,,,Q955
,,,,,,,Q958
,,,,,,,Q959
,,,,,,,Q960
,,,,,,,Q961
,,,,,,,Q962
,,,,,,,Q963
,,,,,,,Q964
,,,,,,,Q968
,,,,,,,Q969
,,,,,,,Q970
,,,,,,,Q971
,,,,,,,Q972
,,,,,,,Q973
,,,,,,,Q978
,,,,,,,Q979
,,,,,,,Q980
,,,,,,,Q981
,,,,,,,Q983
,,,,,,,Q984
,,,,,,,Q985
,,,,,,,Q986
,,,,,,,Q987
,,,,,,,Q988
,,,,,,,Q989
,,,,,,,Q990
,,,,,,,Q991
,,,,,,,Q992
,,,,,,,Q998
,,,,,,,Q998
,,,,,,,Q998
,,,,,,,Q999
